seg_len,duracao_s,classificador,acc_aleatorio,acc_holdout,queda
29,3.3,SVM,65.53,59.23,6.3
29,3.3,J48,66.29,56.21,10.08
29,3.3,NB,48.91,53.36,-4.45
29,3.3,RF,86.8,59.23,27.57
60,6.9,SVM,68.66,58.05,10.61
60,6.9,J48,66.95,58.72,8.23
60,6.9,NB,49.1,54.03,-4.93
60,6.9,RF,90.88,57.05,33.84
125,14.3,SVM,73.79,60.07,13.72
125,14.3,J48,71.32,55.87,15.45
125,14.3,NB,48.72,50.67,-1.95
125,14.3,RF,94.21,55.2,39.01
250,28.7,SVM,79.2,59.73,19.47
250,28.7,J48,68.76,57.21,11.54
250,28.7,NB,48.43,50.17,-1.73
250,28.7,RF,96.3,55.7,40.59
400,45.8,SVM,82.34,63.93,18.41
400,45.8,J48,67.9,57.38,10.52
400,45.8,NB,48.24,48.15,0.09
400,45.8,RF,98.29,54.19,44.1
